,Approximation,Model,Dataset,Accuracy,Time,Features
1124,Exhaustive,Linear Regression,bike,99.9895803,185157.0502,14
1102,Exhaustive,Linear Regression,income,99.99982938,145606.5828,13
915,Exhaustive,Linear Regression,adult,99.99863969,56111.61165,12
1146,Exhaustive,Linear Regression,heart,98.92520788,36476.22327,15
1080,Exhaustive,Linear Regression,heartage,99.9963013,27343.56726,13
926,Exhaustive,Linear Regression,airquality,99.99128632,27131.25486,12
1003,Exhaustive,Linear Regression,seoulbike,99.99903924,20700.805,12
992,Exhaustive,Linear Regression,pumpkinseed,99.44431974,14996.72615,12
1113,Exhaustive,Linear Regression,mba,98.90633298,14475.68088,13
1091,Exhaustive,Linear Regression,housing,97.25571184,13854.6502,13
1135,Exhaustive,Linear Regression,bodyfat,98.88212492,13845.39836,14
937,Exhaustive,Linear Regression,bikehourly,99.89400362,11125.79785,12
1047,Exhaustive,Linear Regression,wine,99.62198262,10685.82343,12
1069,Exhaustive,Linear Regression,heart_disease,99.89648855,8687.792731,13
959,Exhaustive,Linear Regression,forestfire,99.9012473,7745.736843,12
948,Exhaustive,Linear Regression,forest,99.98235385,7136.448629,12
739,Exhaustive,Linear Regression,precip,99.98660744,4542.061301,9
882,Exhaustive,Linear Regression,winequality,99.9998105,4157.910454,11
871,Exhaustive,Linear Regression,telecom,99.9618336,4040.69152,11
904,Exhaustive,Linear Regression,winequality-white,99.99979816,4015.288216,11
893,Exhaustive,Linear Regression,winequality-red,98.82277383,3389.861372,11
981,Exhaustive,Linear Regression,ozone,99.89467778,3334.730681,12
816,Exhaustive,Linear Regression,telescope,99.99865096,3253.934789,10
827,Exhaustive,Linear Regression,bikedaily,99.96999496,3213.130295,11
970,Exhaustive,Linear Regression,heartfailure,99.25044118,2992.099339,12
1025,Exhaustive,Linear Regression,stockreturn,99.82336032,2864.244252,12
1014,Exhaustive,Linear Regression,servo,97.76378394,2672.064912,12
1036,Exhaustive,Linear Regression,stockrisk,99.10327053,2643.461191,12
750,Exhaustive,Linear Regression,abalone,99.82283384,1987.792754,10
673,Exhaustive,Linear Regression,casp,99.9934181,1903.724359,9
772,Exhaustive,Linear Regression,poker,99.99989515,1312.219272,10
1058,Exhaustive,Linear Regression,boston,97.58934498,1159.970582,13
849,Exhaustive,Linear Regression,migration,93.93130835,1145.728553,11
838,Exhaustive,Linear Regression,hybrid,92.01401386,902.222389,11
717,Exhaustive,Linear Regression,friedman,99.94163763,595.5207267,9
695,Exhaustive,Linear Regression,employee,99.86506868,579.6532116,9
706,Exhaustive,Linear Regression,energy,99.90519275,478.3772521,9
662,Exhaustive,Linear Regression,cancer,99.4018776,419.8737288,9
761,Exhaustive,Linear Regression,asia_gdp,94.95467732,362.0499206,10
794,Exhaustive,Linear Regression,possumchest,99.58686397,319.5026946,10
783,Exhaustive,Linear Regression,possumbelly,98.23564931,293.3491302,10
530,Exhaustive,Linear Regression,californiahousing,99.99877963,284.8281517,8
728,Exhaustive,Linear Regression,glass,99.95778628,227.8369188,9
629,Exhaustive,Linear Regression,rentals,99.98323035,210.3854713,8
684,Exhaustive,Linear Regression,country-data,99.82472172,207.8308733,9
541,Exhaustive,Linear Regression,cms,99.48442203,203.2662868,8
640,Exhaustive,Linear Regression,wage,99.97866314,175.9207497,8
585,Exhaustive,Linear Regression,diabetes,99.73237655,170.3484573,8
552,Exhaustive,Linear Regression,concrete,99.48442203,165.6758633,8
651,Exhaustive,Linear Regression,airline-costs,50.0,152.9502032,9
574,Exhaustive,Linear Regression,cust,99.88433573,146.9007015,8
607,Exhaustive,Linear Regression,energy_heat,99.8383614,124.8130016,8
860,Exhaustive,Linear Regression,mtcars,87.42882377,120.0986161,11
563,Exhaustive,Linear Regression,crab,99.93992002,111.1268463,8
200,Exhaustive,Linear Regression,power,99.99997584,97.5306139,4
596,Exhaustive,Linear Regression,energy_cool,99.88986762,78.57676125,8
442,Exhaustive,Linear Regression,germany,99.97672434,67.81825781,7
420,Exhaustive,Linear Regression,diamond,99.99952715,67.07364964,7
365,Exhaustive,Linear Regression,admission,95.68547962,59.50695109,7
618,Exhaustive,Linear Regression,prostate,96.40906575,55.47602272,8
805,Exhaustive,Linear Regression,spending,99.58686397,49.45343733,10
519,Exhaustive,Linear Regression,wholesale,99.18731379,48.89033127,7
387,Exhaustive,Linear Regression,autompg,99.36880689,46.13597417,7
288,Exhaustive,Linear Regression,uber,99.99888557,39.45030212,5
376,Exhaustive,Linear Regression,auto-mpg,99.36880689,37.97460079,7
398,Exhaustive,Linear Regression,chanceadmit,99.5250208,33.11942458,7
321,Exhaustive,Linear Regression,powerlifting,99.91391496,31.02651501,6
431,Exhaustive,Linear Regression,france,99.9942776,26.70787096,7
409,Exhaustive,Linear Regression,computer,98.90821807,26.34597182,7
453,Exhaustive,Linear Regression,raotbl6,99.96071071,25.31410241,7
486,Exhaustive,Linear Regression,slump,95.51155917,25.28952408,7
464,Exhaustive,Linear Regression,raotbl7,99.50773621,22.35453868,7
497,Exhaustive,Linear Regression,slump-flow,96.58291038,21.64876986,7
508,Exhaustive,Linear Regression,slump-mpa,99.49657015,17.54569364,7
299,Exhaustive,Linear Regression,insurance,99.98518477,14.78760338,6
343,Exhaustive,Linear Regression,walmart,99.99923698,12.85625267,6
332,Exhaustive,Linear Regression,seeds,99.26813516,9.373326302,6
354,Exhaustive,Linear Regression,yatch,98.97322333,9.12135601,6
475,Exhaustive,Linear Regression,realestate,99.89630119,8.782230377,7
2,Exhaustive,Linear Regression,3droad,99.99983514,5.561249256,3
233,Exhaustive,Linear Regression,airfoil,99.94470048,5.312796831,5
310,Exhaustive,Linear Regression,kiva,99.9985242,5.051849842,6
277,Exhaustive,Linear Regression,sacramento,99.41204982,4.332038164,5
244,Exhaustive,Linear Regression,airfoil-self-noise,99.94470048,4.159085751,5
935,CES,Linear Regression,bikehourly,97.53095973,3.966112568,12
936,Cohort,Linear Regression,bikehourly,97.53095973,3.966112568,12
1045,CES,Linear Regression,wine,99.38369185,3.808155885,12
1046,Cohort,Linear Regression,wine,99.38369185,3.808155885,12
1002,Cohort,Linear Regression,seoulbike,99.53462408,3.80706214,12
1001,CES,Linear Regression,seoulbike,99.53462408,3.80706214,12
914,Cohort,Linear Regression,adult,96.05652155,3.803092575,12
913,CES,Linear Regression,adult,96.05652155,3.803092575,12
991,Cohort,Linear Regression,pumpkinseed,99.99766319,3.800119886,12
990,CES,Linear Regression,pumpkinseed,99.99766319,3.800119886,12
924,CES,Linear Regression,airquality,99.71230205,3.79156146,12
925,Cohort,Linear Regression,airquality,99.71230205,3.79156146,12
1101,Cohort,Linear Regression,income,98.43905081,3.352508075,13
1100,CES,Linear Regression,income,98.43905081,3.352508075,13
266,Exhaustive,Linear Regression,linnerud,97.85854428,2.88649559,5
869,CES,Linear Regression,telecom,99.440885,2.59798234,11
870,Cohort,Linear Regression,telecom,99.440885,2.59798234,11
892,Cohort,Linear Regression,winequality-red,99.57459138,2.595072663,11
891,CES,Linear Regression,winequality-red,99.57459138,2.595072663,11
1122,CES,Linear Regression,bike,98.25538468,2.535929935,14
1123,Cohort,Linear Regression,bike,98.25538468,2.535929935,14
958,Cohort,Linear Regression,forestfire,98.86248426,2.471900067,12
957,CES,Linear Regression,forestfire,98.86248426,2.471900067,12
771,Cohort,Linear Regression,poker,98.61535858,2.314940643,10
770,CES,Linear Regression,poker,98.61535858,2.314940643,10
748,CES,Linear Regression,abalone,50.0,2.293793273,10
749,Cohort,Linear Regression,abalone,50.0,2.293793273,10
815,Cohort,Linear Regression,telescope,99.63190023,2.279418955,10
814,CES,Linear Regression,telescope,99.63190023,2.279418955,10
255,Exhaustive,Linear Regression,japanemg,71.06105323,2.202566862,5
1112,Cohort,Linear Regression,mba,99.75239123,2.165174694,13
1111,CES,Linear Regression,mba,99.75239123,2.165174694,13
1057,Cohort,Linear Regression,boston,98.35646523,2.149536126,13
1056,CES,Linear Regression,boston,98.35646523,2.149536126,13
1090,Cohort,Linear Regression,housing,98.8263354,2.149377584,13
1089,CES,Linear Regression,housing,98.8263354,2.149377584,13
705,Cohort,Linear Regression,energy,50.0,2.024577029,9
704,CES,Linear Regression,energy,50.0,2.024577029,9
1079,Cohort,Linear Regression,heartage,99.86056425,2.004231219,13
1078,CES,Linear Regression,heartage,99.86056425,2.004231219,13
561,CES,Linear Regression,crab,93.62710131,1.940625956,8
562,Cohort,Linear Regression,crab,93.62710131,1.940625956,8
638,CES,Linear Regression,wage,99.92554116,1.939657395,8
639,Cohort,Linear Regression,wage,99.92554116,1.939657395,8
605,CES,Linear Regression,energy_heat,50.0,1.885600255,8
606,Cohort,Linear Regression,energy_heat,50.0,1.885600255,8
694,Cohort,Linear Regression,employee,97.42255446,1.868246627,9
693,CES,Linear Regression,employee,97.42255446,1.868246627,9
715,CES,Linear Regression,friedman,99.2382952,1.867062125,9
716,Cohort,Linear Regression,friedman,99.2382952,1.867062125,9
902,CES,Linear Regression,winequality-white,99.99599911,1.86244498,11
903,Cohort,Linear Regression,winequality-white,99.99599911,1.86244498,11
880,CES,Linear Regression,winequality,99.20583839,1.861325674,11
881,Cohort,Linear Regression,winequality,99.20583839,1.861325674,11
671,CES,Linear Regression,casp,92.37527479,1.857214971,9
672,Cohort,Linear Regression,casp,92.37527479,1.857214971,9
572,CES,Linear Regression,cust,99.91137726,1.850837409,8
573,Cohort,Linear Regression,cust,99.91137726,1.850837409,8
595,Cohort,Linear Regression,energy_cool,50.0,1.843967626,8
594,CES,Linear Regression,energy_cool,50.0,1.843967626,8
660,CES,Linear Regression,cancer,99.6956481,1.754466748,9
661,Cohort,Linear Regression,cancer,99.6956481,1.754466748,9
528,CES,Linear Regression,californiahousing,99.30725704,1.682126744,8
529,Cohort,Linear Regression,californiahousing,99.30725704,1.682126744,8
540,Cohort,Linear Regression,cms,97.29797678,1.68202934,8
539,CES,Linear Regression,cms,97.29797678,1.68202934,8
627,CES,Linear Regression,rentals,99.92881406,1.681314275,8
628,Cohort,Linear Regression,rentals,99.92881406,1.681314275,8
550,CES,Linear Regression,concrete,97.28401056,1.677779946,8
551,Cohort,Linear Regression,concrete,97.28401056,1.677779946,8
738,Cohort,Linear Regression,precip,50.0,1.645043852,9
737,CES,Linear Regression,precip,50.0,1.645043852,9
584,Cohort,Linear Regression,diabetes,98.00631017,1.508340499,8
583,CES,Linear Regression,diabetes,98.00631017,1.508340499,8
1024,Cohort,Linear Regression,stockreturn,99.83075591,1.479086452,12
1023,CES,Linear Regression,stockreturn,99.83075591,1.479086452,12
123,Exhaustive,Linear Regression,challenger,50.0,1.412717819,4
1068,Cohort,Linear Regression,heart_disease,99.89776168,1.243695484,13
1067,CES,Linear Regression,heart_disease,99.89776168,1.243695484,13
211,Exhaustive,Linear Regression,startups,86.92381449,1.193383217,4
969,Cohort,Linear Regression,heartfailure,99.25243223,1.169500664,12
968,CES,Linear Regression,heartfailure,99.25243223,1.169500664,12
946,CES,Linear Regression,forest,99.95057541,1.166942294,12
947,Cohort,Linear Regression,forest,99.95057541,1.166942294,12
134,Exhaustive,Linear Regression,const-maint,99.74769497,1.072444916,4
112,Exhaustive,Linear Regression,blood,99.12669847,1.027111053,4
145,Exhaustive,Linear Regression,diamonds_filter,99.57277156,1.010355949,4
189,Exhaustive,Linear Regression,petrol,90.79490831,0.9672431946,4
980,Cohort,Linear Regression,ozone,99.89064843,0.9556971415,12
979,CES,Linear Regression,ozone,99.89064843,0.9556971415,12
167,Exhaustive,Linear Regression,economics,97.25655172,0.9418287277,4
156,Exhaustive,Linear Regression,diamonds_select,99.78048462,0.8696899414,4
90,Exhaustive,Linear Regression,advertisements,97.40764444,0.8654003143,4
222,Exhaustive,Linear Regression,unemploy,97.25655172,0.8570966721,4
429,CES,Linear Regression,france,98.03935277,0.8250104403,7
430,Cohort,Linear Regression,france,98.03935277,0.8250104403,7
418,CES,Linear Regression,diamond,99.41938964,0.823694675,7
419,Cohort,Linear Regression,diamond,99.41938964,0.823694675,7
178,Exhaustive,Linear Regression,iris,99.87620285,0.8164634705,4
441,Cohort,Linear Regression,germany,98.94899012,0.8162064147,7
440,CES,Linear Regression,germany,98.94899012,0.8162064147,7
1144,CES,Linear Regression,heart,98.92034049,0.7857012424,15
1145,Cohort,Linear Regression,heart,98.92034049,0.7857012424,15
1133,CES,Linear Regression,bodyfat,98.88526324,0.7498777026,14
1134,Cohort,Linear Regression,bodyfat,98.88526324,0.7498777026,14
342,Cohort,Linear Regression,walmart,99.54049046,0.7459722972,6
341,CES,Linear Regression,walmart,99.54049046,0.7459722972,6
297,CES,Linear Regression,insurance,98.152862,0.7456109047,6
298,Cohort,Linear Regression,insurance,98.152862,0.7456109047,6
319,CES,Linear Regression,powerlifting,99.84319872,0.7444298339,6
320,Cohort,Linear Regression,powerlifting,99.84319872,0.7444298339,6
101,Exhaustive,Linear Regression,advertising,97.40764444,0.7378139496,4
848,Cohort,Linear Regression,migration,93.901272,0.7089367006,11
847,CES,Linear Regression,migration,93.901272,0.7089367006,11
309,Cohort,Linear Regression,kiva,95.19225104,0.6763020134,6
308,CES,Linear Regression,kiva,95.19225104,0.6763020134,6
826,Cohort,Linear Regression,bikedaily,99.38793877,0.6675223541,11
825,CES,Linear Regression,bikedaily,99.38793877,0.6675223541,11
287,Cohort,Linear Regression,uber,99.99950185,0.6491774726,5
286,CES,Linear Regression,uber,99.99950185,0.6491774726,5
1012,CES,Linear Regression,servo,97.7669376,0.6479534193,12
1013,Cohort,Linear Regression,servo,97.7669376,0.6479534193,12
276,Cohort,Linear Regression,sacramento,99.96620983,0.6037814116,5
275,CES,Linear Regression,sacramento,99.96620983,0.6037814116,5
231,CES,Linear Regression,airfoil,98.74540453,0.595255785,5
232,Cohort,Linear Regression,airfoil,98.74540453,0.595255785,5
474,Cohort,Linear Regression,realestate,99.88480781,0.5840948009,7
473,CES,Linear Regression,realestate,99.88480781,0.5840948009,7
364,Cohort,Linear Regression,admission,94.28198449,0.5733654284,7
363,CES,Linear Regression,admission,94.28198449,0.5733654284,7
727,Cohort,Linear Regression,glass,99.95957959,0.5322605556,9
726,CES,Linear Regression,glass,99.95957959,0.5322605556,9
397,Cohort,Linear Regression,chanceadmit,99.12935505,0.5239104152,7
396,CES,Linear Regression,chanceadmit,99.12935505,0.5239104152,7
1034,CES,Linear Regression,stockrisk,98.40994818,0.5123105502,12
1035,Cohort,Linear Regression,stockrisk,98.40994818,0.5123105502,12
374,CES,Linear Regression,auto-mpg,99.7914152,0.4579477119,7
375,Cohort,Linear Regression,auto-mpg,99.7914152,0.4579477119,7
1153,Parametric KernelSHAP,Linear Regression,heart,97.40289174,0.442937,15
518,Cohort,Linear Regression,wholesale,99.41268172,0.4344621539,7
517,CES,Linear Regression,wholesale,99.41268172,0.4344621539,7
1152,Non-parametric KernelSHAP,Linear Regression,heart,98.68488247,0.3165299734,15
243,Cohort,Linear Regression,airfoil-self-noise,98.75881442,0.3132464242,5
242,CES,Linear Regression,airfoil-self-noise,98.75881442,0.3132464242,5
199,Cohort,Linear Regression,power,96.86242711,0.2775675201,4
198,CES,Linear Regression,power,96.86242711,0.2775675201,4
683,Cohort,Linear Regression,country-data,99.82173021,0.2773436308,9
682,CES,Linear Regression,country-data,99.82173021,0.2773436308,9
1108,Non-parametric KernelSHAP,Linear Regression,income,99.44706872,0.267101,13
1109,Parametric KernelSHAP,Linear Regression,income,99.96833073,0.267101,13
1086,Non-parametric KernelSHAP,Linear Regression,heartage,99.74601032,0.266734,13
1087,Parametric KernelSHAP,Linear Regression,heartage,99.74601032,0.266734,13
154,CES,Linear Regression,diamonds_select,97.5333015,0.2510376167,4
155,Cohort,Linear Regression,diamonds_select,97.5333015,0.2510376167,4
804,Cohort,Linear Regression,spending,99.59140178,0.249997173,10
803,CES,Linear Regression,spending,99.59140178,0.249997173,10
1142,Parametric KernelSHAP,Linear Regression,bodyfat,97.40289174,0.242937,14
1120,Parametric KernelSHAP,Linear Regression,mba,98.90633301,0.242937,13
1131,Parametric KernelSHAP,Linear Regression,bike,98.90633301,0.242937,14
385,CES,Linear Regression,autompg,99.7931977,0.2362636089,7
386,Cohort,Linear Regression,autompg,99.7931977,0.2362636089,7
793,Cohort,Linear Regression,possumchest,99.58843544,0.2297284058,10
792,CES,Linear Regression,possumchest,99.58843544,0.2297284058,10
781,CES,Linear Regression,possumbelly,98.23852998,0.2291202205,10
782,Cohort,Linear Regression,possumbelly,98.23852998,0.2291202205,10
352,CES,Linear Regression,yatch,99.05648085,0.2235081577,6
353,Cohort,Linear Regression,yatch,99.05648085,0.2235081577,6
13,Exhaustive,Linear Regression,apartments,96.09081221,0.2217328548,3
1098,Parametric KernelSHAP,Linear Regression,housing,97.25571174,0.214132,13
330,CES,Linear Regression,seeds,99.26576868,0.2062907253,6
331,Cohort,Linear Regression,seeds,99.26576868,0.2062907253,6
1065,Parametric KernelSHAP,Linear Regression,boston,97.58934506,0.196888,13
1064,Non-parametric KernelSHAP,Linear Regression,boston,97.58934506,0.196888,13
407,CES,Linear Regression,computer,98.90979346,0.1929076789,7
408,Cohort,Linear Regression,computer,98.90979346,0.1929076789,7
1140,MLE,Linear Regression,bodyfat,98.77583125,0.1870220275,14
1063,MLE,Linear Regression,boston,97.49725264,0.1867155472,13
1,Cohort,Linear Regression,3droad,99.99964129,0.1862473464,3
0,CES,Linear Regression,3droad,99.99964129,0.1862473464,3
1129,MLE,Linear Regression,bike,99.34589735,0.1854230491,14
1118,MLE,Linear Regression,mba,98.70463092,0.1848295434,13
1052,MLE,Linear Regression,wine,99.85330301,0.1847527742,12
1096,MLE,Linear Regression,housing,97.0233616,0.1842390477,13
1074,MLE,Linear Regression,heart_disease,99.76266443,0.1837811602,13
1076,Parametric KernelSHAP,Linear Regression,heart_disease,99.89648856,0.183406,13
1075,Non-parametric KernelSHAP,Linear Regression,heart_disease,99.89648856,0.183406,13
1085,MLE,Linear Regression,heartage,99.89922368,0.1833104444,13
964,MLE,Linear Regression,forestfire,99.77427446,0.182265403,12
1019,MLE,Linear Regression,servo,97.6873102,0.1820055571,12
1030,MLE,Linear Regression,stockreturn,99.75896686,0.1802232151,12
1008,MLE,Linear Regression,seoulbike,99.58035619,0.1800187992,12
975,MLE,Linear Regression,heartfailure,99.1155861,0.1797691933,12
986,MLE,Linear Regression,ozone,99.76829613,0.1791972473,12
942,MLE,Linear Regression,bikehourly,99.2807072,0.1791906191,12
1041,MLE,Linear Regression,stockrisk,99.05758411,0.1789894035,12
920,MLE,Linear Regression,adult,98.89746192,0.1787207148,12
997,MLE,Linear Regression,pumpkinseed,99.87477244,0.1785316171,12
887,MLE,Linear Regression,winequality,99.84592265,0.1779459874,11
931,MLE,Linear Regression,airquality,99.82600514,0.1777613033,12
865,MLE,Linear Regression,mtcars,88.12274837,0.1775849732,11
953,MLE,Linear Regression,forest,99.86187256,0.177490562,12
909,MLE,Linear Regression,winequality-white,99.86648418,0.1762010206,11
876,MLE,Linear Regression,telecom,99.87680822,0.1760089867,11
843,MLE,Linear Regression,hybrid,92.26854739,0.1754017951,11
898,MLE,Linear Regression,winequality-red,99.54894592,0.1749836329,11
832,MLE,Linear Regression,bikedaily,99.86711836,0.1739948663,11
821,MLE,Linear Regression,telescope,98.51870053,0.1732336203,10
810,MLE,Linear Regression,spending,99.49586383,0.1731899125,10
755,MLE,Linear Regression,abalone,97.96974568,0.1729947618,10
656,MLE,Linear Regression,airline-costs,50.0,0.1727361202,9
788,MLE,Linear Regression,possumbelly,98.06647917,0.1723561559,10
799,MLE,Linear Regression,possumchest,99.5644466,0.1719581059,10
766,MLE,Linear Regression,asia_gdp,95.03801256,0.1718932731,10
689,MLE,Linear Regression,country-data,99.70571527,0.1697838094,9
678,MLE,Linear Regression,casp,99.38579439,0.1697483821,9
733,MLE,Linear Regression,glass,99.89535395,0.1691139718,9
601,MLE,Linear Regression,energy_cool,98.35412493,0.1687220194,8
744,MLE,Linear Regression,precip,99.38980668,0.1680831599,9
700,MLE,Linear Regression,employee,97.89177044,0.1677672083,9
711,MLE,Linear Regression,energy,99.80237611,0.1671593762,9
546,MLE,Linear Regression,cms,99.81057659,0.1670967124,8
722,MLE,Linear Regression,friedman,99.2178818,0.1668679396,9
557,MLE,Linear Regression,concrete,99.81842117,0.1665665822,8
623,MLE,Linear Regression,prostate,96.58148104,0.1662770257,8
579,MLE,Linear Regression,cust,99.78089488,0.1657288304,8
568,MLE,Linear Regression,crab,99.47702095,0.1656464129,8
1151,MLE,Linear Regression,heart,98.89968619,0.1653218739,15
502,MLE,Linear Regression,slump-flow,96.27390442,0.1647407518,7
634,MLE,Linear Regression,rentals,99.8573706,0.1645468755,8
612,MLE,Linear Regression,energy_heat,98.64622856,0.163996994,8
220,CES,Linear Regression,unemploy,99.71094778,0.1638894224,4
221,Cohort,Linear Regression,unemploy,99.71094778,0.1638894224,4
480,MLE,Linear Regression,realestate,99.77710232,0.1638367228,7
458,MLE,Linear Regression,raotbl6,99.81190213,0.163804345,7
535,MLE,Linear Regression,californiahousing,99.77450945,0.1636684049,8
370,MLE,Linear Regression,admission,95.68135653,0.1634516225,7
645,MLE,Linear Regression,wage,99.46392833,0.1633394603,8
491,MLE,Linear Regression,slump,95.13809637,0.1633014258,7
165,CES,Linear Regression,economics,99.72269595,0.1627203178,4
166,Cohort,Linear Regression,economics,99.72269595,0.1627203178,4
590,MLE,Linear Regression,diabetes,99.61218907,0.162536026,8
943,Non-parametric KernelSHAP,Linear Regression,bikehourly,93.16285335,0.161646,12
944,Parametric KernelSHAP,Linear Regression,bikehourly,93.16285335,0.161646,12
260,MLE,Linear Regression,japanemg,71.97695635,0.1616038164,5
425,MLE,Linear Regression,diamond,99.74378658,0.1613979029,7
381,MLE,Linear Regression,auto-mpg,99.25433739,0.1609941978,7
513,MLE,Linear Regression,slump-mpa,99.31175627,0.1608285623,7
447,MLE,Linear Regression,germany,99.76245294,0.1605803598,7
403,MLE,Linear Regression,chanceadmit,99.46154938,0.1605400967,7
392,MLE,Linear Regression,autompg,99.19725684,0.1604136119,7
469,MLE,Linear Regression,raotbl7,99.35077626,0.1600126813,7
304,MLE,Linear Regression,insurance,99.53636056,0.1600094167,6
436,MLE,Linear Regression,france,99.28509727,0.1588220177,7
326,MLE,Linear Regression,powerlifting,98.69344528,0.1587949095,6
271,MLE,Linear Regression,linnerud,97.53415672,0.158762455,5
506,CES,Linear Regression,slump-mpa,99.44455317,0.1584163203,7
507,Cohort,Linear Regression,slump-mpa,99.44455317,0.1584163203,7
348,MLE,Linear Regression,walmart,99.88424086,0.1583815156,6
293,MLE,Linear Regression,uber,99.00309186,0.1581031994,5
238,MLE,Linear Regression,airfoil,99.68682187,0.1578229326,5
1010,Parametric KernelSHAP,Linear Regression,seoulbike,97.47760561,0.157659,12
1009,Non-parametric KernelSHAP,Linear Regression,seoulbike,97.47760561,0.157659,12
359,MLE,Linear Regression,yatch,98.88406856,0.1575537195,6
337,MLE,Linear Regression,seeds,99.18413247,0.156793235,6
268,KernelSHAP,Linear Regression,linnerud,97.85854428,0.1567350796,5
143,CES,Linear Regression,diamonds_filter,99.99965918,0.1558445811,4
144,Cohort,Linear Regression,diamonds_filter,99.99965918,0.1558445811,4
1107,MLE,Linear Regression,income,99.52523758,0.1555371458,13
282,MLE,Linear Regression,sacramento,99.32499126,0.153765923,5
111,Cohort,Linear Regression,blood,96.26119402,0.1537142634,4
110,CES,Linear Regression,blood,96.26119402,0.1537142634,4
932,Non-parametric KernelSHAP,Linear Regression,airquality,99.99688514,0.153376,12
933,Parametric KernelSHAP,Linear Regression,airquality,99.99688514,0.153376,12
836,CES,Linear Regression,hybrid,91.97493345,0.1532201253,11
837,Cohort,Linear Regression,hybrid,91.97493345,0.1532201253,11
172,MLE,Linear Regression,economics,96.99388726,0.1530258881,4
249,MLE,Linear Regression,airfoil-self-noise,99.67236626,0.1526497711,5
194,MLE,Linear Regression,petrol,91.96468744,0.1520196497,4
227,MLE,Linear Regression,unemploy,97.24955401,0.1519269742,4
139,MLE,Linear Regression,const-maint,99.59563054,0.1515047984,4
183,MLE,Linear Regression,iris,99.78143784,0.1510207701,4
205,MLE,Linear Regression,power,99.77800016,0.1508625161,4
95,MLE,Linear Regression,advertisements,97.35790567,0.1504407543,4
161,MLE,Linear Regression,diamonds_select,99.60754462,0.1497878364,4
150,MLE,Linear Regression,diamonds_filter,99.44690321,0.1496273171,4
777,MLE,Linear Regression,poker,99.79430405,0.1494642294,10
106,MLE,Linear Regression,advertising,97.31612325,0.1492686416,4
216,MLE,Linear Regression,startups,87.52958311,0.1489715997,4
84,MLE,Linear Regression,spx,99.83800135,0.1487808838,3
854,MLE,Linear Regression,migration,93.76333972,0.1477794307,11
24,Exhaustive,Linear Regression,brainweight,98.67176779,0.1477282047,3
7,MLE,Linear Regression,3droad,99.8900212,0.1475304885,3
1053,Non-parametric KernelSHAP,Linear Regression,wine,99.8959263,0.146689,12
1054,Parametric KernelSHAP,Linear Regression,wine,99.8959263,0.146689,12
62,MLE,Linear Regression,jewellery,99.82225101,0.1461961783,3
18,MLE,Linear Regression,apartments,96.23290187,0.1461419326,3
73,MLE,Linear Regression,questions,99.59490174,0.1461142034,3
667,MLE,Linear Regression,cancer,99.33410303,0.1421913489,9
451,CES,Linear Regression,raotbl6,99.72668472,0.1416886725,7
452,Cohort,Linear Regression,raotbl6,99.72668472,0.1416886725,7
921,Non-parametric KernelSHAP,Linear Regression,adult,99.88954076,0.141517,12
922,Parametric KernelSHAP,Linear Regression,adult,99.88954076,0.141517,12
1082,KernelSHAP,Linear Regression,heartage,99.9773755,0.1391029661,13
998,Non-parametric KernelSHAP,Linear Regression,pumpkinseed,99.98491736,0.137672,12
999,Parametric KernelSHAP,Linear Regression,pumpkinseed,99.98491736,0.137672,12
524,MLE,Linear Regression,wholesale,99.02385001,0.1355277839,7
414,MLE,Linear Regression,computer,98.79410046,0.1345616389,7
315,MLE,Linear Regression,kiva,99.49833324,0.1296608578,6
462,CES,Linear Regression,raotbl7,99.5365516,0.1286625048,7
463,Cohort,Linear Regression,raotbl7,99.5365516,0.1286625048,7
117,MLE,Linear Regression,blood,99.02858685,0.1250754918,4
128,MLE,Linear Regression,challenger,50.0,0.1241592765,4
77,CES,Linear Regression,spx,98.42956723,0.1237021375,3
78,Cohort,Linear Regression,spx,98.42956723,0.1237021375,3
51,MLE,Linear Regression,htwtindex,99.71037624,0.1219128175,3
40,MLE,Linear Regression,chickweight,99.32470801,0.1193813604,3
532,KernelSHAP,Linear Regression,californiahousing,99.87845902,0.1186035965,8
29,MLE,Linear Regression,brainweight,98.62691605,0.1178657707,3
1136,IME,Linear Regression,bodyfat,98.6128066,0.1174088376,14
1125,IME,Linear Regression,bike,99.29389537,0.1169137232,14
1141,Non-parametric KernelSHAP,Linear Regression,bodyfat,98.68488247,0.1165299734,14
1114,IME,Linear Regression,mba,98.68488247,0.1165299734,13
1130,Non-parametric KernelSHAP,Linear Regression,bike,98.68488247,0.1165299734,14
1119,Non-parametric KernelSHAP,Linear Regression,mba,98.68488247,0.1165299734,13
1070,IME,Linear Regression,heart_disease,99.67842313,0.1154777315,13
1059,IME,Linear Regression,boston,97.20809393,0.1152642873,13
1097,Non-parametric KernelSHAP,Linear Regression,housing,96.95311157,0.1147367155,13
1092,IME,Linear Regression,housing,96.95311157,0.1147367155,13
1026,IME,Linear Regression,stockreturn,99.57902282,0.1144258609,12
1081,IME,Linear Regression,heartage,99.8035859,0.1142389868,13
916,IME,Linear Regression,adult,98.81068343,0.1140133222,12
971,IME,Linear Regression,heartfailure,99.09737127,0.1139157469,12
1037,IME,Linear Regression,stockrisk,98.89598416,0.1138775463,12
993,IME,Linear Regression,pumpkinseed,99.77927887,0.1138658892,12
1048,IME,Linear Regression,wine,99.72866038,0.1137228222,12
927,IME,Linear Regression,airquality,99.71761765,0.1134793412,12
1143,SGDShapley,Linear Regression,bodyfat,98.88212492,0.1134189339,14
938,IME,Linear Regression,bikehourly,99.16200558,0.1133599765,12
1099,SGDShapley,Linear Regression,housing,97.25571184,0.113255251,13
1015,IME,Linear Regression,servo,97.49515825,0.1131355719,12
949,IME,Linear Regression,forest,99.75649216,0.1130288275,12
956,SGDShapley,Linear Regression,forest,99.98235385,0.1126842067,12
861,IME,Linear Regression,mtcars,87.63171627,0.1126172326,11
982,IME,Linear Regression,ozone,99.72867578,0.1122639037,12
1004,IME,Linear Regression,seoulbike,99.44399228,0.1121910182,12
872,IME,Linear Regression,telecom,99.76439654,0.1121236505,11
883,IME,Linear Regression,winequality,99.75018602,0.1120061571,11
960,IME,Linear Regression,forestfire,99.71291673,0.1119848427,12
1154,SGDShapley,Linear Regression,heart,98.92520788,0.1119581389,15
934,SGDShapley,Linear Regression,airquality,99.94403633,0.1119289225,12
905,IME,Linear Regression,winequality-white,99.76594101,0.1117761655,11
839,IME,Linear Regression,hybrid,91.65147176,0.1116335485,11
828,IME,Linear Regression,bikedaily,99.76196085,0.111590545,11
1110,SGDShapley,Linear Regression,income,99.67782205,0.1114171556,13
1011,SGDShapley,Linear Regression,seoulbike,99.65157035,0.1111265919,12
795,IME,Linear Regression,possumchest,99.26795843,0.1106582097,10
967,SGDShapley,Linear Regression,forestfire,99.9012473,0.1101832209,12
373,SGDShapley,Linear Regression,admission,95.68547962,0.110070282,7
617,Cohort,Linear Regression,prostate,96.38100978,0.1099478187,8
616,CES,Linear Regression,prostate,96.38100978,0.1099478187,8
1033,SGDShapley,Linear Regression,stockreturn,99.82336032,0.1096415566,12
806,IME,Linear Regression,spending,99.27996714,0.1096017224,10
538,SGDShapley,Linear Regression,californiahousing,99.87845902,0.1095859361,8
1044,SGDShapley,Linear Regression,stockrisk,99.10327053,0.1095412947,12
1132,SGDShapley,Linear Regression,bike,99.46172039,0.1095188488,14
894,IME,Linear Regression,winequality-red,99.45198344,0.1093924342,11
1055,SGDShapley,Linear Regression,wine,99.97343838,0.1093711513,12
1022,SGDShapley,Linear Regression,servo,97.76378394,0.1093039989,12
923,SGDShapley,Linear Regression,adult,99.00816964,0.1091343952,12
751,IME,Linear Regression,abalone,97.87271654,0.1089873957,10
817,IME,Linear Regression,telescope,98.39665186,0.1089602694,10
1088,SGDShapley,Linear Regression,heartage,99.9773755,0.1089041248,13
901,SGDShapley,Linear Regression,winequality-red,99.64292933,0.1088390502,11
1121,SGDShapley,Linear Regression,mba,98.90633298,0.1087160004,13
1066,SGDShapley,Linear Regression,boston,97.58934498,0.1086745876,13
945,SGDShapley,Linear Regression,bikehourly,99.40121064,0.108577893,12
784,IME,Linear Regression,possumbelly,97.92691551,0.1085305146,10
762,IME,Linear Regression,asia_gdp,94.69045179,0.1083586046,10
802,SGDShapley,Linear Regression,possumchest,99.58686397,0.1083304882,10
1077,SGDShapley,Linear Regression,heart_disease,99.89648855,0.1081354751,13
978,SGDShapley,Linear Regression,heartfailure,99.25044118,0.108088698,12
399,IME,Linear Regression,chanceadmit,99.26505645,0.1076504841,7
670,SGDShapley,Linear Regression,cancer,99.4018776,0.1074728164,9
652,IME,Linear Regression,airline-costs,50.0,0.1074694633,9
879,SGDShapley,Linear Regression,telecom,99.9618336,0.1074354721,11
718,IME,Linear Regression,friedman,99.04165048,0.1073674787,9
780,SGDShapley,Linear Regression,poker,99.90906477,0.1073604829,10
989,SGDShapley,Linear Regression,ozone,99.89467778,0.1073124871,12
868,SGDShapley,Linear Regression,mtcars,87.42882377,0.1073112921,11
685,IME,Linear Regression,country-data,99.55156405,0.1072663111,9
955,Parametric KernelSHAP,Linear Regression,forest,99.98235385,0.107257,12
954,Non-parametric KernelSHAP,Linear Regression,forest,99.98235385,0.107257,12
593,SGDShapley,Linear Regression,diabetes,99.73237655,0.1070637468,8
846,SGDShapley,Linear Regression,hybrid,92.01401386,0.1069588474,11
729,IME,Linear Regression,glass,99.77960933,0.1069353466,9
696,IME,Linear Regression,employee,97.81306474,0.1068437215,9
384,SGDShapley,Linear Regression,auto-mpg,99.36880689,0.1068207576,7
505,SGDShapley,Linear Regression,slump-flow,96.58291038,0.1067814476,7
608,IME,Linear Regression,energy_heat,98.54179954,0.1062930222,8
586,IME,Linear Regression,diabetes,99.45828204,0.1062671744,8
351,SGDShapley,Linear Regression,walmart,99.98137512,0.1062495723,6
912,SGDShapley,Linear Regression,winequality-white,99.96897277,0.1061628219,11
1000,SGDShapley,Linear Regression,pumpkinseed,99.98455716,0.1061596957,12
626,SGDShapley,Linear Regression,prostate,96.40906575,0.1061038465,8
674,IME,Linear Regression,casp,99.26407296,0.1060990435,9
707,IME,Linear Regression,energy,99.69143583,0.106030559,9
747,SGDShapley,Linear Regression,precip,99.52590067,0.1059291847,9
857,SGDShapley,Linear Regression,migration,93.93130835,0.1057782669,11
835,SGDShapley,Linear Regression,bikedaily,99.96999496,0.1057312223,11
575,IME,Linear Regression,cust,99.65679823,0.1056767274,8
142,SGDShapley,Linear Regression,const-maint,99.74769497,0.105644096,4
890,SGDShapley,Linear Regression,winequality,99.98103227,0.1055843035,11
659,SGDShapley,Linear Regression,airline-costs,50.0,0.1055776596,9
966,Parametric KernelSHAP,Linear Regression,forestfire,99.90124729,0.105489,12
965,Non-parametric KernelSHAP,Linear Regression,forestfire,99.90124729,0.105489,12
553,IME,Linear Regression,concrete,99.71456354,0.1054005117,8
791,SGDShapley,Linear Regression,possumbelly,98.23564931,0.1053809711,10
432,IME,Linear Regression,france,99.18516196,0.1053486549,7
55,CES,Linear Regression,jewellery,99.61780139,0.1052889395,3
56,Cohort,Linear Regression,jewellery,99.61780139,0.1052889395,3
740,IME,Linear Regression,precip,99.28034282,0.1050583225,9
564,IME,Linear Regression,crab,99.40232126,0.1050264496,8
619,IME,Linear Regression,prostate,96.69382786,0.1049869855,8
498,IME,Linear Regression,slump-flow,95.97863221,0.1049683725,7
714,SGDShapley,Linear Regression,energy,99.91619902,0.1049590646,9
824,SGDShapley,Linear Regression,telescope,98.65226918,0.1046371778,10
725,SGDShapley,Linear Regression,friedman,99.29923624,0.1046082554,9
516,SGDShapley,Linear Regression,slump-mpa,99.49657015,0.1046033326,7
813,SGDShapley,Linear Regression,spending,99.58686397,0.1045233318,10
769,SGDShapley,Linear Regression,asia_gdp,94.95467732,0.1045162848,10
630,IME,Linear Regression,rentals,99.71568403,0.1044837453,8
692,SGDShapley,Linear Regression,country-data,99.82472172,0.1044708363,9
531,IME,Linear Regression,californiahousing,99.71332065,0.1044371677,8
597,IME,Linear Regression,energy_cool,98.17667753,0.1043941824,8
648,SGDShapley,Linear Regression,wage,99.59161235,0.1043503205,8
454,IME,Linear Regression,raotbl6,99.64258315,0.1042966785,7
494,SGDShapley,Linear Regression,slump,95.51155917,0.1042482011,7
637,SGDShapley,Linear Regression,rentals,99.95631982,0.1041773666,8
366,IME,Linear Regression,admission,95.40167888,0.1040940545,7
560,SGDShapley,Linear Regression,concrete,99.91037686,0.1040642406,8
527,SGDShapley,Linear Regression,wholesale,99.18731379,0.1040549393,7
736,SGDShapley,Linear Regression,glass,99.95778628,0.1039872472,9
542,IME,Linear Regression,cms,99.712913,0.1039151156,8
758,SGDShapley,Linear Regression,abalone,99.95734739,0.10391066,10
388,IME,Linear Regression,autompg,99.20007994,0.1038827731,7
641,IME,Linear Regression,wage,99.30773636,0.1038771311,8
681,SGDShapley,Linear Regression,casp,99.44008535,0.1038736278,9
483,SGDShapley,Linear Regression,realestate,99.89630119,0.1038085231,7
509,IME,Linear Regression,slump-mpa,99.46629731,0.1037065492,7
417,SGDShapley,Linear Regression,computer,98.90821807,0.1037014118,7
549,SGDShapley,Linear Regression,cms,99.91037686,0.103681659,8
263,SGDShapley,Linear Regression,japanemg,71.06105323,0.1036786715,5
395,SGDShapley,Linear Regression,autompg,99.36880689,0.1036702486,7
703,SGDShapley,Linear Regression,employee,97.97464455,0.1035310637,9
604,SGDShapley,Linear Regression,energy_cool,99.77371234,0.1034505001,8
421,IME,Linear Regression,diamond,99.61555517,0.1032217662,7
377,IME,Linear Regression,auto-mpg,99.19665635,0.1032007969,7
476,IME,Linear Regression,realestate,99.66682455,0.103038311,7
318,SGDShapley,Linear Regression,kiva,99.5769571,0.1027561867,6
267,IME,Linear Regression,linnerud,98.04124661,0.1027376311,5
582,SGDShapley,Linear Regression,cust,99.88433573,0.1027339531,8
615,SGDShapley,Linear Regression,energy_heat,99.9638009,0.1026360773,8
322,IME,Linear Regression,powerlifting,98.61083172,0.102548605,6
300,IME,Linear Regression,insurance,99.52017913,0.102301128,6
439,SGDShapley,Linear Regression,france,99.37240083,0.1020600095,7
461,SGDShapley,Linear Regression,raotbl6,99.96071071,0.1019421845,7
256,IME,Linear Regression,japanemg,69.28306999,0.1019148668,5
274,SGDShapley,Linear Regression,linnerud,97.85854428,0.1019135884,5
487,IME,Linear Regression,slump,95.4363487,0.1018838462,7
571,SGDShapley,Linear Regression,crab,99.55831763,0.1017621055,8
329,SGDShapley,Linear Regression,powerlifting,98.75547325,0.1017079079,6
168,IME,Linear Regression,economics,96.92296551,0.1016463744,4
472,SGDShapley,Linear Regression,raotbl7,99.50773621,0.1015926047,7
443,IME,Linear Regression,germany,99.71499654,0.1015366872,7
340,SGDShapley,Linear Regression,seeds,99.26813516,0.1013703623,6
241,SGDShapley,Linear Regression,airfoil,99.80375121,0.1013478416,5
197,SGDShapley,Linear Regression,petrol,90.79490831,0.1013195068,4
175,SGDShapley,Linear Regression,economics,97.25655172,0.1013186831,4
344,IME,Linear Regression,walmart,99.76202008,0.1012908285,6
219,SGDShapley,Linear Regression,startups,86.92381449,0.101289118,4
465,IME,Linear Regression,raotbl7,99.38965936,0.101277113,7
450,SGDShapley,Linear Regression,germany,99.88807314,0.10112987,7
333,IME,Linear Regression,seeds,98.86886392,0.1010057926,6
428,SGDShapley,Linear Regression,diamond,99.82254011,0.100786881,7
212,IME,Linear Regression,startups,86.73496156,0.1007813846,4
289,IME,Linear Regression,uber,98.85825528,0.1007509,5
362,SGDShapley,Linear Regression,yatch,98.97322333,0.1007412906,6
109,SGDShapley,Linear Regression,advertising,97.40764444,0.1004882184,4
285,SGDShapley,Linear Regression,sacramento,99.41204982,0.1004122155,5
252,SGDShapley,Linear Regression,airfoil-self-noise,99.80375121,0.1002812783,5
307,SGDShapley,Linear Regression,insurance,99.68539867,0.1002667774,6
355,IME,Linear Regression,yatch,98.66378556,0.1002431453,6
245,IME,Linear Regression,airfoil-self-noise,99.49349394,0.1001641028,5
135,IME,Linear Regression,const-maint,99.7247137,0.1001270034,4
1147,IME,Linear Regression,heart,98.70770675,0.1000751835,15
190,IME,Linear Regression,petrol,88.40287274,0.09978973866,4
164,SGDShapley,Linear Regression,diamonds_select,99.78048462,0.09934053277,4
10,SGDShapley,Linear Regression,3droad,99.999926,0.09931231918,3
186,SGDShapley,Linear Regression,iris,99.87620285,0.09923792362,4
43,SGDShapley,Linear Regression,chickweight,99.42674258,0.09903542409,3
32,SGDShapley,Linear Regression,brainweight,98.67176779,0.09901911096,3
406,SGDShapley,Linear Regression,chanceadmit,99.5250208,0.09901067344,7
14,IME,Linear Regression,apartments,95.21576437,0.09898339785,3
234,IME,Linear Regression,airfoil,99.58286866,0.09896546927,5
153,SGDShapley,Linear Regression,diamonds_filter,99.57277156,0.0988093145,4
278,IME,Linear Regression,sacramento,99.27148478,0.09877961564,5
98,SGDShapley,Linear Regression,advertisements,97.40764444,0.09843709252,4
296,SGDShapley,Linear Regression,uber,99.16042374,0.09839255521,5
54,SGDShapley,Linear Regression,htwtindex,99.7515125,0.09831186352,3
179,IME,Linear Regression,iris,99.56268135,0.09810231686,4
208,SGDShapley,Linear Regression,power,99.87942847,0.09801926324,4
120,SGDShapley,Linear Regression,blood,99.12669847,0.09801028904,4
230,SGDShapley,Linear Regression,unemploy,97.25655172,0.09785381242,4
3,IME,Linear Regression,3droad,99.79495738,0.09779863791,3
58,IME,Linear Regression,jewellery,99.6818015,0.09771234832,3
65,SGDShapley,Linear Regression,jewellery,99.9231635,0.09752593069,3
69,IME,Linear Regression,questions,99.45673789,0.09748946392,3
131,SGDShapley,Linear Regression,challenger,50.0,0.09744998813,4
157,IME,Linear Regression,diamonds_select,99.5437605,0.09718980211,4
201,IME,Linear Regression,power,99.70471654,0.09694559213,4
102,IME,Linear Regression,advertising,97.13554458,0.09688157024,4
87,SGDShapley,Linear Regression,spx,99.95941365,0.09672218871,3
146,IME,Linear Regression,diamonds_filter,99.44030205,0.09635013402,4
21,SGDShapley,Linear Regression,apartments,96.09081221,0.09634617659,3
223,IME,Linear Regression,unemploy,97.07830237,0.09597370248,4
91,IME,Linear Regression,advertisements,97.21827532,0.09589129144,4
76,SGDShapley,Linear Regression,questions,99.68637558,0.09552383278,3
80,IME,Linear Regression,spx,99.74708166,0.09493505501,3
1103,IME,Linear Regression,income,99.44706872,0.09470340772,13
114,KernelSHAP,Linear Regression,blood,99.12669847,0.09423029471,4
136,KernelSHAP,Linear Regression,const-maint,99.74769497,0.09324739196,4
213,KernelSHAP,Linear Regression,startups,86.92381449,0.0926860641,4
1016,KernelSHAP,Linear Regression,servo,97.76378394,0.0912131613,12
191,KernelSHAP,Linear Regression,petrol,90.79490831,0.09033949673,4
850,IME,Linear Regression,migration,93.9806269,0.08932360736,11
1093,KernelSHAP,Linear Regression,housing,97.25571184,0.08849003929,13
663,IME,Linear Regression,cancer,99.1168913,0.08801658491,9
484,CES,Linear Regression,slump,95.53426013,0.08767834832,7
485,Cohort,Linear Regression,slump,95.53426013,0.08767834832,7
773,IME,Linear Regression,poker,99.70562561,0.08747999451,10
79,Exhaustive,Linear Regression,spx,99.95941365,0.08736634254,3
807,KernelSHAP,Linear Regression,spending,99.58686397,0.0861300809,10
653,KernelSHAP,Linear Regression,airline-costs,50.0,0.08607876301,9
609,KernelSHAP,Linear Regression,energy_heat,99.93050806,0.08559451986,8
565,KernelSHAP,Linear Regression,crab,99.55831763,0.08535374728,8
1115,KernelSHAP,Linear Regression,mba,98.90633298,0.08491009208,13
774,KernelSHAP,Linear Regression,poker,99.90906477,0.08490061543,10
411,KernelSHAP,Linear Regression,computer,98.90821807,0.08444404257,7
642,KernelSHAP,Linear Regression,wage,99.59161235,0.08441441204,8
906,KernelSHAP,Linear Regression,winequality-white,99.96897277,0.08439968138,11
45,Cohort,Linear Regression,htwtindex,99.80855309,0.08431248188,3
44,CES,Linear Regression,htwtindex,99.80855309,0.08431248188,3
620,KernelSHAP,Linear Regression,prostate,96.40906575,0.08416011839,8
455,KernelSHAP,Linear Regression,raotbl6,99.96071071,0.08413842248,7
1005,KernelSHAP,Linear Regression,seoulbike,99.65157035,0.08373505491,12
895,KernelSHAP,Linear Regression,winequality-red,99.64292933,0.0837266214,11
928,KernelSHAP,Linear Regression,airquality,99.94403633,0.08345553225,12
977,Parametric KernelSHAP,Linear Regression,heartfailure,99.25044118,0.083275,12
976,Non-parametric KernelSHAP,Linear Regression,heartfailure,99.25044118,0.083275,12
961,KernelSHAP,Linear Regression,forestfire,99.9012473,0.08323917333,12
796,KernelSHAP,Linear Regression,possumchest,99.58686397,0.08319138799,10
520,IME,Linear Regression,wholesale,99.04462586,0.08297502341,7
1060,KernelSHAP,Linear Regression,boston,97.58934498,0.08294603068,13
917,KernelSHAP,Linear Regression,adult,99.00816964,0.08290782192,12
1038,KernelSHAP,Linear Regression,stockrisk,99.10327053,0.08279564518,12
410,IME,Linear Regression,computer,98.6520944,0.08271798189,7
1032,Parametric KernelSHAP,Linear Regression,stockreturn,99.8233603,0.082638,12
1031,Non-parametric KernelSHAP,Linear Regression,stockreturn,99.8233603,0.082638,12
730,KernelSHAP,Linear Regression,glass,99.95778628,0.08262095989,9
741,KernelSHAP,Linear Regression,precip,99.52590749,0.08262002468,9
763,KernelSHAP,Linear Regression,asia_gdp,94.95467732,0.08247995377,10
311,IME,Linear Regression,kiva,99.45822619,0.08238574592,6
334,KernelSHAP,Linear Regression,seeds,99.26813516,0.08215763603,6
708,KernelSHAP,Linear Regression,energy,99.91189798,0.0819874082,9
675,KernelSHAP,Linear Regression,casp,99.44008535,0.08198347525,9
1137,KernelSHAP,Linear Regression,bodyfat,98.88212492,0.08190573397,14
719,KernelSHAP,Linear Regression,friedman,99.29923624,0.08186521747,9
147,KernelSHAP,Linear Regression,diamonds_filter,99.57277156,0.08150134544,4
290,KernelSHAP,Linear Regression,uber,99.16042374,0.08133946332,5
100,Cohort,Linear Regression,advertising,97.40205787,0.08129340952,4
99,CES,Linear Regression,advertising,97.40205787,0.08129340952,4
389,KernelSHAP,Linear Regression,autompg,99.36880689,0.08123804056,7
1104,KernelSHAP,Linear Regression,income,99.67782205,0.08119538264,13
1042,Non-parametric KernelSHAP,Linear Regression,stockrisk,99.10327051,0.081158,12
1043,Parametric KernelSHAP,Linear Regression,stockrisk,99.10327051,0.081158,12
35,Exhaustive,Linear Regression,chickweight,99.42674258,0.08111071587,3
4,KernelSHAP,Linear Regression,3droad,99.999926,0.08057418592,3
862,KernelSHAP,Linear Regression,mtcars,87.42882377,0.08055667444,11
1020,Non-parametric KernelSHAP,Linear Regression,servo,97.76378401,0.080504,12
1021,Parametric KernelSHAP,Linear Regression,servo,97.76378401,0.080504,12
1071,KernelSHAP,Linear Regression,heart_disease,99.89648855,0.08050281737,13
987,Non-parametric KernelSHAP,Linear Regression,ozone,99.89467781,0.080353,12
988,Parametric KernelSHAP,Linear Regression,ozone,99.89467781,0.080353,12
587,KernelSHAP,Linear Regression,diabetes,99.73237655,0.08028721622,8
279,KernelSHAP,Linear Regression,sacramento,99.41204982,0.08024251848,5
124,IME,Linear Regression,challenger,50.0,0.08022719622,4
911,Parametric KernelSHAP,Linear Regression,winequality-white,99.99940506,0.080136,11
910,Non-parametric KernelSHAP,Linear Regression,winequality-white,99.99940506,0.080136,11
889,Parametric KernelSHAP,Linear Regression,winequality,99.96039971,0.080039,11
888,Non-parametric KernelSHAP,Linear Regression,winequality,99.96039971,0.080039,11
994,KernelSHAP,Linear Regression,pumpkinseed,99.98455716,0.0799467253,12
81,KernelSHAP,Linear Regression,spx,99.95941365,0.07980102734,3
686,KernelSHAP,Linear Regression,country-data,99.82472172,0.07973037873,9
125,KernelSHAP,Linear Regression,challenger,50.0,0.079333812,4
444,KernelSHAP,Linear Regression,germany,99.88807314,0.07912335468,7
477,KernelSHAP,Linear Regression,realestate,99.89630119,0.07881897905,7
752,KernelSHAP,Linear Regression,abalone,99.99677618,0.07874942765,10
983,KernelSHAP,Linear Regression,ozone,99.89467778,0.07863968522,12
950,KernelSHAP,Linear Regression,forest,99.98235385,0.07830340542,12
34,Cohort,Linear Regression,chickweight,99.6798881,0.07825739622,3
33,CES,Linear Regression,chickweight,99.6798881,0.07825739622,3
598,KernelSHAP,Linear Regression,energy_cool,99.84667096,0.07811205594,8
202,KernelSHAP,Linear Regression,power,99.87942847,0.07807392641,4
543,KernelSHAP,Linear Regression,cms,99.91037686,0.07799096613,8
246,KernelSHAP,Linear Regression,airfoil-self-noise,99.80375121,0.07794843226,5
367,KernelSHAP,Linear Regression,admission,95.68547962,0.07774172118,7
180,KernelSHAP,Linear Regression,iris,99.87620285,0.07771554947,4
884,KernelSHAP,Linear Regression,winequality,99.98103227,0.07771473509,11
829,KernelSHAP,Linear Regression,bikedaily,99.96999496,0.0776874822,11
400,KernelSHAP,Linear Regression,chanceadmit,99.5250208,0.07759913712,7
345,KernelSHAP,Linear Regression,walmart,99.98137512,0.07739954284,6
1126,KernelSHAP,Linear Regression,bike,99.46172039,0.0773370042,14
433,KernelSHAP,Linear Regression,france,99.37240083,0.077286721,7
873,KernelSHAP,Linear Regression,telecom,99.9618336,0.07718240276,11
1049,KernelSHAP,Linear Regression,wine,99.97343838,0.07716365294,12
521,KernelSHAP,Linear Regression,wholesale,99.18731379,0.0770083078,7
422,KernelSHAP,Linear Regression,diamond,99.82254011,0.0768204848,7
312,KernelSHAP,Linear Regression,kiva,99.5769571,0.07680174799,6
301,KernelSHAP,Linear Regression,insurance,99.68539867,0.07679795424,6
499,KernelSHAP,Linear Regression,slump-flow,96.58291038,0.07671440349,7
47,IME,Linear Regression,htwtindex,99.64692659,0.07668511362,3
1027,KernelSHAP,Linear Regression,stockreturn,99.82336032,0.07663561748,12
36,IME,Linear Regression,chickweight,99.35266172,0.07649868321,3
25,IME,Linear Regression,brainweight,98.60844543,0.07645410526,3
113,IME,Linear Regression,blood,99.00413224,0.07644680734,4
103,KernelSHAP,Linear Regression,advertising,97.40764444,0.07643213417,4
972,KernelSHAP,Linear Regression,heartfailure,99.25044118,0.07642469743,12
939,KernelSHAP,Linear Regression,bikehourly,99.40121064,0.07626525055,12
631,KernelSHAP,Linear Regression,rentals,99.95631982,0.07623595469,8
840,KernelSHAP,Linear Regression,hybrid,92.01401386,0.07617420776,11
92,KernelSHAP,Linear Regression,advertisements,97.40764444,0.07614032427,4
48,KernelSHAP,Linear Regression,htwtindex,99.7515125,0.07613700809,3
224,KernelSHAP,Linear Regression,unemploy,97.25655172,0.07609983745,4
576,KernelSHAP,Linear Regression,cust,99.88433573,0.07597656776,8
66,CES,Linear Regression,questions,99.70516915,0.07597460985,3
67,Cohort,Linear Regression,questions,99.70516915,0.07597460985,3
323,KernelSHAP,Linear Regression,powerlifting,98.75547325,0.07595605706,6
235,KernelSHAP,Linear Regression,airfoil,99.80375121,0.0759269606,5
488,KernelSHAP,Linear Regression,slump,95.51155917,0.0759095234,7
89,Cohort,Linear Regression,advertisements,97.40556743,0.0755409508,4
88,CES,Linear Regression,advertisements,97.40556743,0.0755409508,4
697,KernelSHAP,Linear Regression,employee,97.97464455,0.07553654078,9
169,KernelSHAP,Linear Regression,economics,97.25655172,0.07538794593,4
818,KernelSHAP,Linear Regression,telescope,98.65226918,0.07534579147,10
257,KernelSHAP,Linear Regression,japanemg,71.06105323,0.07509202957,5
356,KernelSHAP,Linear Regression,yatch,98.97322333,0.07507117589,6
664,KernelSHAP,Linear Regression,cancer,99.4018776,0.07482112192,9
158,KernelSHAP,Linear Regression,diamonds_select,99.78048462,0.07476992896,4
466,KernelSHAP,Linear Regression,raotbl7,99.50773621,0.07461357117,7
510,KernelSHAP,Linear Regression,slump-mpa,99.49657015,0.07460868359,7
554,KernelSHAP,Linear Regression,concrete,99.91037686,0.07428618272,8
785,KernelSHAP,Linear Regression,possumbelly,98.23564931,0.07427176067,10
378,KernelSHAP,Linear Regression,auto-mpg,99.36880689,0.07408803793,7
26,KernelSHAP,Linear Regression,brainweight,98.67176779,0.07405936869,3
851,KernelSHAP,Linear Regression,migration,93.93130835,0.07383731124,11
1148,KernelSHAP,Linear Regression,heart,98.92520788,0.07299862125,15
37,KernelSHAP,Linear Regression,chickweight,99.42674258,0.07277892397,3
70,KernelSHAP,Linear Regression,questions,99.68637558,0.07261297053,3
59,KernelSHAP,Linear Regression,jewellery,99.9231635,0.07239120877,3
15,KernelSHAP,Linear Regression,apartments,96.09081221,0.07063083465,3
878,Parametric KernelSHAP,Linear Regression,telecom,99.96183359,0.069122,11
877,Non-parametric KernelSHAP,Linear Regression,telecom,99.96183359,0.069122,11
899,Non-parametric KernelSHAP,Linear Regression,winequality-red,99.98739968,0.067981,11
900,Parametric KernelSHAP,Linear Regression,winequality-red,99.98739968,0.067981,11
496,Cohort,Linear Regression,slump-flow,96.58668637,0.06284515297,7
495,CES,Linear Regression,slump-flow,96.58668637,0.06284515297,7
834,Parametric KernelSHAP,Linear Regression,bikedaily,99.96999495,0.062108,11
866,Non-parametric KernelSHAP,Linear Regression,mtcars,87.42882733,0.060562,11
867,Parametric KernelSHAP,Linear Regression,mtcars,87.42882733,0.060562,11
68,Exhaustive,Linear Regression,questions,99.68637558,0.05564403534,3
759,CES,Linear Regression,asia_gdp,95.02934974,0.05532775606,10
760,Cohort,Linear Regression,asia_gdp,95.02934974,0.05532775606,10
833,Non-parametric KernelSHAP,Linear Regression,bikedaily,99.96999496,0.047563,11
779,Parametric KernelSHAP,Linear Regression,poker,52.16799103,0.046249,10
177,Cohort,Linear Regression,iris,99.87487193,0.04436823845,4
176,CES,Linear Regression,iris,99.87487193,0.04436823845,4
859,Cohort,Linear Regression,mtcars,87.39875879,0.0414918336,11
858,CES,Linear Regression,mtcars,87.39875879,0.0414918336,11
22,CES,Linear Regression,brainweight,98.66519117,0.04070981545,3
23,Cohort,Linear Regression,brainweight,98.66519117,0.04070981545,3
57,Exhaustive,Linear Regression,jewellery,99.9231635,0.04038333893,3
856,Parametric KernelSHAP,Linear Regression,migration,93.93130936,0.039676,11
680,Parametric KernelSHAP,Linear Regression,casp,99.89894267,0.037735,9
757,Parametric KernelSHAP,Linear Regression,abalone,50.0,0.037409,10
855,Non-parametric KernelSHAP,Linear Regression,migration,93.93130931,0.037395,11
823,Parametric KernelSHAP,Linear Regression,telescope,97.90038281,0.036911,10
46,Exhaustive,Linear Regression,htwtindex,99.7515125,0.03678560257,3
845,Parametric KernelSHAP,Linear Regression,hybrid,92.01401399,0.035663,11
756,Non-parametric KernelSHAP,Linear Regression,abalone,50.0,0.035241,10
669,Parametric KernelSHAP,Linear Regression,cancer,99.40187768,0.034357,9
844,Non-parametric KernelSHAP,Linear Regression,hybrid,92.01401437,0.034067,11
649,CES,Linear Regression,airline-costs,50.0,0.03363611698,9
650,Cohort,Linear Regression,airline-costs,50.0,0.03363611698,9
822,Non-parametric KernelSHAP,Linear Regression,telescope,97.90038295,0.032196,10
778,Non-parametric KernelSHAP,Linear Regression,poker,52.16799131,0.031353,10
724,Parametric KernelSHAP,Linear Regression,friedman,99.58530722,0.027681,9
746,Parametric KernelSHAP,Linear Regression,precip,50.0,0.025627,9
702,Parametric KernelSHAP,Linear Regression,employee,96.37629962,0.025549,9
130,Parametric KernelSHAP,Linear Regression,challenger,50.0,0.025126,4
713,Parametric KernelSHAP,Linear Regression,energy,89.41100661,0.022386,9
723,Non-parametric KernelSHAP,Linear Regression,friedman,99.58530721,0.022334,9
679,Non-parametric KernelSHAP,Linear Regression,casp,99.89894267,0.021933,9
800,Non-parametric KernelSHAP,Linear Regression,possumchest,99.58686403,0.021785,10
789,Non-parametric KernelSHAP,Linear Regression,possumbelly,98.23564955,0.020698,10
745,Non-parametric KernelSHAP,Linear Regression,precip,50.0,0.020505,9
801,Parametric KernelSHAP,Linear Regression,possumchest,99.58686401,0.020188,10
790,Parametric KernelSHAP,Linear Regression,possumbelly,98.23564947,0.020171,10
253,CES,Linear Regression,japanemg,71.35376837,0.02012637456,5
254,Cohort,Linear Regression,japanemg,71.35376837,0.02012637456,5
811,Non-parametric KernelSHAP,Linear Regression,spending,99.58686403,0.020101,10
701,Non-parametric KernelSHAP,Linear Regression,employee,96.37629984,0.020062,9
712,Non-parametric KernelSHAP,Linear Regression,energy,50.0,0.019948,9
668,Non-parametric KernelSHAP,Linear Regression,cancer,99.40187779,0.01905,9
812,Parametric KernelSHAP,Linear Regression,spending,99.58686401,0.018974,10
767,Non-parametric KernelSHAP,Linear Regression,asia_gdp,94.95467757,0.018771,10
768,Parametric KernelSHAP,Linear Regression,asia_gdp,94.95467717,0.018529,10
570,Parametric KernelSHAP,Linear Regression,crab,98.92038237,0.017822,8
647,Parametric KernelSHAP,Linear Regression,wage,99.9210238,0.01778,8
537,Parametric KernelSHAP,Linear Regression,californiahousing,76.01280858,0.017681,8
559,Parametric KernelSHAP,Linear Regression,concrete,99.86398106,0.017464,8
31,Parametric KernelSHAP,Linear Regression,brainweight,98.67176789,0.017371,3
548,Parametric KernelSHAP,Linear Regression,cms,99.86398106,0.017275,8
636,Parametric KernelSHAP,Linear Regression,rentals,99.9563198,0.016912,8
603,Parametric KernelSHAP,Linear Regression,energy_cool,50.0,0.016694,8
581,Parametric KernelSHAP,Linear Regression,cust,99.88433578,0.016059,8
569,Non-parametric KernelSHAP,Linear Regression,crab,98.92038251,0.015608,8
635,Non-parametric KernelSHAP,Linear Regression,rentals,99.9563198,0.015562,8
536,Non-parametric KernelSHAP,Linear Regression,californiahousing,76.01280912,0.015541,8
558,Non-parametric KernelSHAP,Linear Regression,concrete,99.86398106,0.01518,8
614,Parametric KernelSHAP,Linear Regression,energy_heat,50.0,0.015161,8
646,Non-parametric KernelSHAP,Linear Regression,wage,99.92102378,0.015144,8
592,Parametric KernelSHAP,Linear Regression,diabetes,99.73237646,0.01473,8
691,Parametric KernelSHAP,Linear Regression,country-data,99.82472165,0.014666,9
547,Non-parametric KernelSHAP,Linear Regression,cms,99.86398106,0.014651,8
602,Non-parametric KernelSHAP,Linear Regression,energy_cool,50.0,0.014546,8
580,Non-parametric KernelSHAP,Linear Regression,cust,99.88433573,0.014528,8
152,Parametric KernelSHAP,Linear Regression,diamonds_filter,99.57277152,0.014521,4
210,Cohort,Linear Regression,startups,86.87747311,0.01448697202,4
209,CES,Linear Regression,startups,86.87747311,0.01448697202,4
613,Non-parametric KernelSHAP,Linear Regression,energy_heat,50.0,0.014444,8
734,Non-parametric KernelSHAP,Linear Regression,glass,99.95778628,0.014276,9
591,Non-parametric KernelSHAP,Linear Regression,diabetes,99.73237654,0.014228,8
735,Parametric KernelSHAP,Linear Regression,glass,99.9577863,0.014013,9
218,Parametric KernelSHAP,Linear Regression,startups,86.92381477,0.01375,4
690,Non-parametric KernelSHAP,Linear Regression,country-data,99.82472179,0.013683,9
438,Parametric KernelSHAP,Linear Regression,france,50.0,0.012879,7
449,Parametric KernelSHAP,Linear Regression,germany,50.0,0.0128,7
141,Parametric KernelSHAP,Linear Regression,const-maint,99.74769492,0.012585,4
427,Parametric KernelSHAP,Linear Regression,diamond,99.86492757,0.012569,7
658,Parametric KernelSHAP,Linear Regression,airline-costs,50.0,0.012249,9
426,Non-parametric KernelSHAP,Linear Regression,diamond,99.86492757,0.012207,7
448,Non-parametric KernelSHAP,Linear Regression,germany,50.0,0.01217,7
273,Parametric KernelSHAP,Linear Regression,linnerud,97.85854479,0.01211,5
657,Non-parametric KernelSHAP,Linear Regression,airline-costs,50.0,0.011823,9
437,Non-parametric KernelSHAP,Linear Regression,france,50.0,0.011699,7
42,Parametric KernelSHAP,Linear Regression,chickweight,99.4267426,0.011562,3
9,Parametric KernelSHAP,Linear Regression,3droad,51.87075501,0.011315,3
11,CES,Linear Regression,apartments,96.06405129,0.01064149233,3
12,Cohort,Linear Regression,apartments,96.06405129,0.01064149233,3
86,Parametric KernelSHAP,Linear Regression,spx,99.95941366,0.010566,3
316,Non-parametric KernelSHAP,Linear Regression,kiva,92.45025102,0.010212,6
305,Non-parametric KernelSHAP,Linear Regression,insurance,99.62864801,0.010191,6
349,Non-parametric KernelSHAP,Linear Regression,walmart,88.56174615,0.010058,6
97,Parametric KernelSHAP,Linear Regression,advertisements,97.40764436,0.010055,4
624,Non-parametric KernelSHAP,Linear Regression,prostate,96.40906599,0.009983,8
119,Parametric KernelSHAP,Linear Regression,blood,99.12669852,0.009867,4
482,Parametric KernelSHAP,Linear Regression,realestate,99.8963012,0.009753,7
294,Non-parametric KernelSHAP,Linear Regression,uber,50.0,0.009739,5
327,Non-parametric KernelSHAP,Linear Regression,powerlifting,99.27115357,0.009712,6
188,Cohort,Linear Regression,petrol,91.18080336,0.009606093168,4
187,CES,Linear Regression,petrol,91.18080336,0.009606093168,4
251,Parametric KernelSHAP,Linear Regression,airfoil-self-noise,99.8601235,0.009497,5
185,Parametric KernelSHAP,Linear Regression,iris,99.87620284,0.009475,4
295,Parametric KernelSHAP,Linear Regression,uber,50.0,0.009395,5
239,Non-parametric KernelSHAP,Linear Regression,airfoil,99.86012352,0.009356,5
20,Parametric KernelSHAP,Linear Regression,apartments,96.09081211,0.009346,3
240,Parametric KernelSHAP,Linear Regression,airfoil,99.8601235,0.00925,5
526,Parametric KernelSHAP,Linear Regression,wholesale,99.18731375,0.009217,7
64,Parametric KernelSHAP,Linear Regression,jewellery,99.92316352,0.009184,3
328,Parametric KernelSHAP,Linear Regression,powerlifting,99.27115356,0.009141,6
108,Parametric KernelSHAP,Linear Regression,advertising,97.40764436,0.009106,4
163,Parametric KernelSHAP,Linear Regression,diamonds_select,99.78048461,0.009103,4
250,Non-parametric KernelSHAP,Linear Regression,airfoil-self-noise,99.86012352,0.00907,5
53,Parametric KernelSHAP,Linear Regression,htwtindex,99.75151248,0.009059,3
284,Parametric KernelSHAP,Linear Regression,sacramento,99.41204984,0.009057,5
207,Parametric KernelSHAP,Linear Regression,power,74.43799633,0.008896,4
206,Non-parametric KernelSHAP,Linear Regression,power,74.43799594,0.008816,4
350,Parametric KernelSHAP,Linear Regression,walmart,88.561746,0.008805,6
394,Parametric KernelSHAP,Linear Regression,autompg,99.36880706,0.008803,7
174,Parametric KernelSHAP,Linear Regression,economics,97.25655216,0.00879,4
306,Parametric KernelSHAP,Linear Regression,insurance,99.62864802,0.008781,6
625,Parametric KernelSHAP,Linear Regression,prostate,96.40906594,0.008727,8
75,Parametric KernelSHAP,Linear Regression,questions,99.68637556,0.008708,3
503,Non-parametric KernelSHAP,Linear Regression,slump-flow,96.58291044,0.008691,7
317,Parametric KernelSHAP,Linear Regression,kiva,92.45025086,0.008686,6
404,Non-parametric KernelSHAP,Linear Regression,chanceadmit,99.52502095,0.008519,7
371,Non-parametric KernelSHAP,Linear Regression,admission,95.68548058,0.008516,7
283,Non-parametric KernelSHAP,Linear Regression,sacramento,99.41204981,0.008488,5
525,Non-parametric KernelSHAP,Linear Regression,wholesale,99.18731367,0.008485,7
162,Non-parametric KernelSHAP,Linear Regression,diamonds_select,99.78048462,0.008461,4
393,Non-parametric KernelSHAP,Linear Regression,autompg,99.36880706,0.00839,7
184,Non-parametric KernelSHAP,Linear Regression,iris,99.8762028,0.008349,4
8,Non-parametric KernelSHAP,Linear Regression,3droad,51.87075457,0.008225,3
492,Non-parametric KernelSHAP,Linear Regression,slump,95.51155922,0.008064,7
481,Non-parametric KernelSHAP,Linear Regression,realestate,99.89630123,0.008044,7
382,Non-parametric KernelSHAP,Linear Regression,auto-mpg,99.36880706,0.00788,7
229,Parametric KernelSHAP,Linear Regression,unemploy,97.25655216,0.007816,4
416,Parametric KernelSHAP,Linear Regression,computer,98.90821823,0.007789,7
196,Parametric KernelSHAP,Linear Regression,petrol,90.79490826,0.007777,4
118,Non-parametric KernelSHAP,Linear Regression,blood,99.12669851,0.007672,4
383,Parametric KernelSHAP,Linear Regression,auto-mpg,99.36880706,0.007609,7
415,Non-parametric KernelSHAP,Linear Regression,computer,98.90821829,0.007606,7
372,Parametric KernelSHAP,Linear Regression,admission,95.6854806,0.007578,7
85,Non-parametric KernelSHAP,Linear Regression,spx,99.95941365,0.007519,3
514,Non-parametric KernelSHAP,Linear Regression,slump-mpa,99.49657014,0.007474,7
470,Non-parametric KernelSHAP,Linear Regression,raotbl7,99.50773627,0.007437,7
504,Parametric KernelSHAP,Linear Regression,slump-flow,96.58291018,0.007344,7
493,Parametric KernelSHAP,Linear Regression,slump,95.51155891,0.007282,7
41,Non-parametric KernelSHAP,Linear Regression,chickweight,99.42674257,0.007219,3
132,CES,Linear Regression,const-maint,99.74175589,0.007071733475,4
133,Cohort,Linear Regression,const-maint,99.74175589,0.007071733475,4
471,Parametric KernelSHAP,Linear Regression,raotbl7,99.50773618,0.007037,7
96,Non-parametric KernelSHAP,Linear Regression,advertisements,97.40764448,0.007009,4
151,Non-parametric KernelSHAP,Linear Regression,diamonds_filter,99.57277158,0.006951,4
405,Parametric KernelSHAP,Linear Regression,chanceadmit,99.52502095,0.006903,7
338,Non-parametric KernelSHAP,Linear Regression,seeds,99.26813549,0.006893,6
459,Non-parametric KernelSHAP,Linear Regression,raotbl6,99.96071073,0.00679,7
173,Non-parametric KernelSHAP,Linear Regression,economics,97.25655208,0.006708,4
228,Non-parametric KernelSHAP,Linear Regression,unemploy,97.25655208,0.006603,4
63,Non-parametric KernelSHAP,Linear Regression,jewellery,99.9231635,0.006379,3
264,CES,Linear Regression,linnerud,97.80866795,0.006354672568,5
265,Cohort,Linear Regression,linnerud,97.80866795,0.006354672568,5
361,Parametric KernelSHAP,Linear Regression,yatch,98.97322331,0.006288,6
360,Non-parametric KernelSHAP,Linear Regression,yatch,98.97322334,0.006262,6
74,Non-parametric KernelSHAP,Linear Regression,questions,99.68637557,0.006242,3
460,Parametric KernelSHAP,Linear Regression,raotbl6,99.96071068,0.006152,7
52,Non-parametric KernelSHAP,Linear Regression,htwtindex,99.7515125,0.006131,3
515,Parametric KernelSHAP,Linear Regression,slump-mpa,99.49657008,0.006127,7
140,Non-parametric KernelSHAP,Linear Regression,const-maint,99.74769504,0.006069,4
272,Non-parametric KernelSHAP,Linear Regression,linnerud,97.85854574,0.005886,5
339,Parametric KernelSHAP,Linear Regression,seeds,99.26813541,0.005797,6
262,Parametric KernelSHAP,Linear Regression,japanemg,71.06105318,0.005667,5
19,Non-parametric KernelSHAP,Linear Regression,apartments,96.09081246,0.005356,3
30,Non-parametric KernelSHAP,Linear Regression,brainweight,98.67176784,0.005309,3
107,Non-parametric KernelSHAP,Linear Regression,advertising,97.40764448,0.005296,4
217,Non-parametric KernelSHAP,Linear Regression,startups,86.92381431,0.005234,4
261,Non-parametric KernelSHAP,Linear Regression,japanemg,71.06105378,0.005126,5
195,Non-parametric KernelSHAP,Linear Regression,petrol,90.79491081,0.0051,4
122,Cohort,Linear Regression,challenger,50.0,0.004478275776,4
121,CES,Linear Regression,challenger,50.0,0.004478275776,4
129,Non-parametric KernelSHAP,Linear Regression,challenger,50.0,0.004454,4
137,Linear (correlated),Linear Regression,const-maint,99.74769497,0.0002233331854,4
126,Linear (correlated),Linear Regression,challenger,50.0,0.0001484155655,4
270,Linear (independent),Linear Regression,linnerud,97.85854428,0.0001418590546,5
5,Linear (correlated),Linear Regression,3droad,99.999926,0.000138168624,3
863,Linear (correlated),Linear Regression,mtcars,87.42882377,0.0001357468692,11
654,Linear (correlated),Linear Regression,airline-costs,50.0,0.0001226425171,9
127,Linear (independent),Linear Regression,challenger,50.0,0.0001141428947,4
269,Linear (correlated),Linear Regression,linnerud,97.85854428,0.0001133169447,5
138,Linear (independent),Linear Regression,const-maint,99.74769497,0.0001123818484,4
764,Linear (correlated),Linear Regression,asia_gdp,94.95467732,0.0001034736633,10
655,Linear (independent),Linear Regression,airline-costs,50.0,0.0001003026962,9
864,Linear (independent),Linear Regression,mtcars,87.42882377,9.036064148e-05,11
214,Linear (correlated),Linear Regression,startups,86.92381449,8.302576402e-05,4
765,Linear (independent),Linear Regression,asia_gdp,94.95467732,7.224082947e-05,10
808,Linear (correlated),Linear Regression,spending,99.58686397,7.062639509e-05,10
192,Linear (correlated),Linear Regression,petrol,90.79490831,6.887316704e-05,4
259,Linear (independent),Linear Regression,japanemg,71.06105323,6.456375122e-05,5
258,Linear (correlated),Linear Regression,japanemg,71.06105323,6.252924601e-05,5
193,Linear (independent),Linear Regression,petrol,90.79490831,5.9902668e-05,4
215,Linear (independent),Linear Regression,startups,86.92381449,5.810401019e-05,4
16,Linear (correlated),Linear Regression,apartments,96.09081221,5.332323221e-05,3
621,Linear (correlated),Linear Regression,prostate,96.40906575,5.269773079e-05,8
786,Linear (correlated),Linear Regression,possumbelly,98.23564931,5.178451538e-05,10
687,Linear (correlated),Linear Regression,country-data,99.82472172,5.07746424e-05,9
456,Linear (correlated),Linear Regression,raotbl6,99.96071071,5.005045635e-05,7
489,Linear (correlated),Linear Regression,slump,95.51155917,4.778890049e-05,7
566,Linear (correlated),Linear Regression,crab,99.55831763,4.672570662e-05,8
500,Linear (correlated),Linear Regression,slump-flow,96.58291038,4.560807172e-05,7
797,Linear (correlated),Linear Regression,possumchest,99.58686397,4.352842058e-05,10
467,Linear (correlated),Linear Regression,raotbl7,99.50773621,4.096728999e-05,7
511,Linear (correlated),Linear Regression,slump-mpa,99.49657015,4.073451547e-05,7
490,Linear (independent),Linear Regression,slump,95.51155917,3.967565649e-05,7
1017,Linear (correlated),Linear Regression,servo,97.76378394,3.951679577e-05,12
17,Linear (independent),Linear Regression,apartments,96.09081221,3.873384916e-05,3
798,Linear (independent),Linear Regression,possumchest,99.58686397,3.584453038e-05,10
512,Linear (independent),Linear Regression,slump-mpa,99.49657015,3.561552833e-05,7
412,Linear (correlated),Linear Regression,computer,98.90821807,3.393145575e-05,7
335,Linear (correlated),Linear Regression,seeds,99.26813516,3.388999165e-05,6
104,Linear (correlated),Linear Regression,advertising,97.40764444,3.370732972e-05,4
622,Linear (independent),Linear Regression,prostate,96.40906575,3.315463211e-05,8
809,Linear (independent),Linear Regression,spending,99.58686397,3.303119114e-05,10
468,Linear (independent),Linear Regression,raotbl7,99.50773621,3.302969584e-05,7
501,Linear (independent),Linear Regression,slump-flow,96.58291038,3.225663129e-05,7
93,Linear (correlated),Linear Regression,advertisements,97.40764444,3.131591912e-05,4
225,Linear (correlated),Linear Regression,unemploy,97.25655172,3.112868259e-05,4
852,Linear (correlated),Linear Regression,migration,93.93130835,3.065691366e-05,11
984,Linear (correlated),Linear Regression,ozone,99.89467778,2.931480977e-05,12
1149,Linear (correlated),Linear Regression,heart,98.92520788,2.9018431e-05,15
1061,Linear (correlated),Linear Regression,boston,97.58934498,2.804630531e-05,13
787,Linear (independent),Linear Regression,possumbelly,98.23564931,2.777235849e-05,10
1072,Linear (correlated),Linear Regression,heart_disease,99.89648855,2.753469679e-05,13
731,Linear (correlated),Linear Regression,glass,99.95778628,2.716964399e-05,9
973,Linear (correlated),Linear Regression,heartfailure,99.25044118,2.649576977e-05,12
181,Linear (correlated),Linear Regression,iris,99.87620285,2.634048462e-05,4
457,Linear (independent),Linear Regression,raotbl6,99.96071071,2.551078796e-05,7
907,Linear (correlated),Linear Regression,winequality-white,99.96897277,2.521818334e-05,11
841,Linear (correlated),Linear Regression,hybrid,92.01401386,2.507602467e-05,11
357,Linear (correlated),Linear Regression,yatch,98.97322333,2.489604202e-05,6
182,Linear (independent),Linear Regression,iris,99.87620285,2.470970154e-05,4
688,Linear (independent),Linear Regression,country-data,99.99005482,2.440810204e-05,9
1138,Linear (correlated),Linear Regression,bodyfat,98.88212492,2.391565414e-05,14
390,Linear (correlated),Linear Regression,autompg,99.36880689,2.359977135e-05,7
1039,Linear (correlated),Linear Regression,stockrisk,99.10327053,2.320913168e-05,12
742,Linear (correlated),Linear Regression,precip,50.0,2.306302389e-05,9
962,Linear (correlated),Linear Regression,forestfire,99.9012473,2.292164585e-05,12
291,Linear (correlated),Linear Regression,uber,99.16042374,2.26837216e-05,5
324,Linear (correlated),Linear Regression,powerlifting,98.75547325,2.227552009e-05,6
522,Linear (correlated),Linear Regression,wholesale,99.18731379,2.223824802e-05,7
1116,Linear (correlated),Linear Regression,mba,98.90633298,2.206814517e-05,13
27,Linear (correlated),Linear Regression,brainweight,98.67176779,2.105024796e-05,3
842,Linear (independent),Linear Regression,hybrid,93.12662227,2.079384e-05,11
82,Linear (correlated),Linear Regression,spx,99.95941365,2.065496874e-05,3
665,Linear (correlated),Linear Regression,cancer,99.4018776,2.044175578e-05,9
105,Linear (independent),Linear Regression,advertising,99.0325738,2.040285053e-05,4
280,Linear (correlated),Linear Regression,sacramento,99.41204982,2.037859582e-05,5
1028,Linear (correlated),Linear Regression,stockreturn,99.82336032,2.033206133e-05,12
71,Linear (correlated),Linear Regression,questions,99.68637558,2.029303348e-05,3
413,Linear (independent),Linear Regression,computer,96.56145357,2.012045487e-05,7
985,Linear (independent),Linear Regression,ozone,99.7576978,2.008765491e-05,12
1018,Linear (independent),Linear Regression,servo,96.79216882,2.001415599e-05,12
951,Linear (correlated),Linear Regression,forest,99.98235385,1.976085685e-05,12
247,Linear (correlated),Linear Regression,airfoil-self-noise,99.80375121,1.970999169e-05,5
379,Linear (correlated),Linear Regression,auto-mpg,99.36880689,1.948980185e-05,7
1150,Linear (independent),Linear Regression,heart,97.67172353,1.923965685e-05,15
94,Linear (independent),Linear Regression,advertisements,99.0325738,1.916018399e-05,4
368,Linear (correlated),Linear Regression,admission,95.68547962,1.841458407e-05,7
599,Linear (correlated),Linear Regression,energy_cool,96.23558391,1.821273894e-05,8
478,Linear (correlated),Linear Regression,realestate,99.89630119,1.807108413e-05,7
732,Linear (independent),Linear Regression,glass,99.65094873,1.800899774e-05,9
1139,Linear (independent),Linear Regression,bodyfat,97.40289174,1.797505787e-05,14
401,Linear (correlated),Linear Regression,chanceadmit,99.5250208,1.792654847e-05,7
896,Linear (correlated),Linear Regression,winequality-red,99.64292933,1.771955779e-05,11
720,Linear (correlated),Linear Regression,friedman,99.29923624,1.763719501e-05,9
775,Linear (correlated),Linear Regression,poker,99.90906477,1.763141516e-05,10
49,Linear (correlated),Linear Regression,htwtindex,99.7515125,1.758806633e-05,3
698,Linear (correlated),Linear Regression,employee,97.97464455,1.752159812e-05,9
577,Linear (correlated),Linear Regression,cust,99.88433573,1.74639488e-05,8
336,Linear (independent),Linear Regression,seeds,99.80889724,1.733890478e-05,6
1094,Linear (correlated),Linear Regression,housing,97.25571184,1.732032456e-05,13
1105,Linear (correlated),Linear Regression,income,99.67782205,1.729040435e-05,13
170,Linear (correlated),Linear Regression,economics,97.25655172,1.721382141e-05,4
874,Linear (correlated),Linear Regression,telecom,99.9618336,1.720009428e-05,11
28,Linear (independent),Linear Regression,brainweight,99.31680626,1.718424544e-05,3
1006,Linear (correlated),Linear Regression,seoulbike,99.65157035,1.71733625e-05,12
544,Linear (correlated),Linear Regression,cms,99.91037686,1.710761677e-05,8
38,Linear (correlated),Linear Regression,chickweight,99.42674258,1.710622098e-05,3
588,Linear (correlated),Linear Regression,diabetes,99.73237655,1.706664018e-05,8
313,Linear (correlated),Linear Regression,kiva,99.5769571,1.700213461e-05,6
830,Linear (correlated),Linear Regression,bikedaily,99.96999496,1.686269587e-05,11
929,Linear (correlated),Linear Regression,airquality,99.94403633,1.683596409e-05,12
610,Linear (correlated),Linear Regression,energy_heat,98.76379009,1.68047552e-05,8
918,Linear (correlated),Linear Regression,adult,99.00816964,1.678250053e-05,12
1073,Linear (independent),Linear Regression,heart_disease,99.99564117,1.67687734e-05,13
148,Linear (correlated),Linear Regression,diamonds_filter,99.57277156,1.658092846e-05,4
885,Linear (correlated),Linear Regression,winequality,99.98103227,1.644871452e-05,11
995,Linear (correlated),Linear Regression,pumpkinseed,99.98455716,1.633311763e-05,12
60,Linear (correlated),Linear Regression,jewellery,99.9231635,1.628099087e-05,3
533,Linear (correlated),Linear Regression,californiahousing,99.87845902,1.62377502e-05,8
302,Linear (correlated),Linear Regression,insurance,99.68539867,1.623702772e-05,6
1083,Linear (correlated),Linear Regression,heartage,99.9773755,1.619656881e-05,13
203,Linear (correlated),Linear Regression,power,99.87942847,1.613877036e-05,4
709,Linear (correlated),Linear Regression,energy,99.9081315,1.611953645e-05,9
358,Linear (independent),Linear Regression,yatch,99.55588159,1.607689203e-05,6
853,Linear (independent),Linear Regression,migration,92.68619567,1.602668267e-05,11
940,Linear (correlated),Linear Regression,bikehourly,99.40121064,1.60036665e-05,12
676,Linear (correlated),Linear Regression,casp,99.44008535,1.58627828e-05,9
643,Linear (correlated),Linear Regression,wage,99.59161235,1.583099365e-05,8
115,Linear (correlated),Linear Regression,blood,79.83300482,1.573948725e-05,4
555,Linear (correlated),Linear Regression,concrete,99.91037686,1.566193321e-05,8
1127,Linear (correlated),Linear Regression,bike,99.46172039,1.562580918e-05,14
753,Linear (correlated),Linear Regression,abalone,99.8240892,1.560774716e-05,10
236,Linear (correlated),Linear Regression,airfoil,99.80375121,1.545458129e-05,5
632,Linear (correlated),Linear Regression,rentals,99.95631982,1.545458129e-05,8
819,Linear (correlated),Linear Regression,telescope,98.65226918,1.517498132e-05,10
434,Linear (correlated),Linear Regression,france,99.37240083,1.506371932e-05,7
423,Linear (correlated),Linear Regression,diamond,99.82254011,1.495751468e-05,7
974,Linear (independent),Linear Regression,heartfailure,97.09050964,1.482530074e-05,12
445,Linear (correlated),Linear Regression,germany,99.88807314,1.481446353e-05,7
346,Linear (correlated),Linear Regression,walmart,99.98137512,1.478050694e-05,6
1050,Linear (correlated),Linear Regression,wine,99.97343838,1.466491006e-05,12
1040,Linear (independent),Linear Regression,stockrisk,99.43430635,1.413776324e-05,12
159,Linear (correlated),Linear Regression,diamonds_select,99.78048462,1.410787756e-05,4
1029,Linear (independent),Linear Regression,stockreturn,99.92452166,1.408732854e-05,12
479,Linear (independent),Linear Regression,realestate,99.99199536,1.338450578e-05,7
1117,Linear (independent),Linear Regression,mba,99.96763622,1.329221543e-05,13
391,Linear (independent),Linear Regression,autompg,99.84292636,1.264168666e-05,7
402,Linear (independent),Linear Regression,chanceadmit,99.09902015,1.236164209e-05,7
523,Linear (independent),Linear Regression,wholesale,98.09330364,1.208749536e-05,7
50,Linear (independent),Linear Regression,htwtindex,98.58133198,1.162615689e-05,3
380,Linear (independent),Linear Regression,auto-mpg,99.84292636,1.151928535e-05,7
963,Linear (independent),Linear Regression,forestfire,99.94091538,1.134928207e-05,12
1062,Linear (independent),Linear Regression,boston,99.48248389,1.124993056e-05,13
171,Linear (independent),Linear Regression,economics,98.31849857,1.119939904e-05,4
369,Linear (independent),Linear Regression,admission,99.72125104,1.103661277e-05,7
72,Linear (independent),Linear Regression,questions,98.7695402,1.101349339e-05,3
39,Linear (independent),Linear Regression,chickweight,99.49908837,1.091357925e-05,3
952,Linear (independent),Linear Regression,forest,98.23494404,1.082782857e-05,12
61,Linear (independent),Linear Regression,jewellery,97.29785221,1.071313184e-05,3
567,Linear (independent),Linear Regression,crab,99.99922833,1.066092289e-05,8
1095,Linear (independent),Linear Regression,housing,99.39681649,1.033765827e-05,13
149,Linear (independent),Linear Regression,diamonds_filter,99.9961459,1.010268626e-05,4
226,Linear (independent),Linear Regression,unemploy,98.31849857,1.00273835e-05,4
600,Linear (independent),Linear Regression,energy_cool,99.98910065,9.848376897e-06,8
314,Linear (independent),Linear Regression,kiva,99.96605172,9.647282687e-06,6
666,Linear (independent),Linear Regression,cancer,98.25743668,9.607424778e-06,9
710,Linear (independent),Linear Regression,energy,99.99848913,9.504828866e-06,9
578,Linear (independent),Linear Regression,cust,99.74321033,9.432382007e-06,8
611,Linear (independent),Linear Regression,energy_heat,99.97418993,9.391251511e-06,8
116,Linear (independent),Linear Regression,blood,95.93908637,9.136161341e-06,4
831,Linear (independent),Linear Regression,bikedaily,99.53060154,9.058920805e-06,11
908,Linear (independent),Linear Regression,winequality-white,99.94878924,9.007887407e-06,11
6,Linear (independent),Linear Regression,3droad,98.80014393,8.973208341e-06,3
743,Linear (independent),Linear Regression,precip,96.73416346,8.961648652e-06,9
754,Linear (independent),Linear Regression,abalone,94.90837375,8.925524625e-06,10
1084,Linear (independent),Linear Regression,heartage,98.99919126,8.881453312e-06,13
589,Linear (independent),Linear Regression,diabetes,99.79678501,8.840260543e-06,8
83,Linear (independent),Linear Regression,spx,99.6490622,8.761264049e-06,3
699,Linear (independent),Linear Regression,employee,98.51838003,8.743459528e-06,9
721,Linear (independent),Linear Regression,friedman,99.96792286,8.722507592e-06,9
1106,Linear (independent),Linear Regression,income,98.36767481,8.687828526e-06,13
1128,Linear (independent),Linear Regression,bike,99.99950587,8.669766513e-06,14
545,Linear (independent),Linear Regression,cms,99.86523804,8.654594421e-06,8
633,Linear (independent),Linear Regression,rentals,99.33469758,8.59896342e-06,8
281,Linear (independent),Linear Regression,sacramento,94.09951291,8.585391107e-06,5
424,Linear (independent),Linear Regression,diamond,99.99864284,8.537552573e-06,7
446,Linear (independent),Linear Regression,germany,99.95360709,8.512988235e-06,7
534,Linear (independent),Linear Regression,californiahousing,98.19254495,8.456634753e-06,8
556,Linear (independent),Linear Regression,concrete,99.86523804,8.452299869e-06,8
875,Linear (independent),Linear Regression,telecom,98.04130846,8.424123128e-06,11
435,Linear (independent),Linear Regression,france,94.5303083,8.415453362e-06,7
347,Linear (independent),Linear Regression,walmart,98.40549134,8.402448712e-06,6
996,Linear (independent),Linear Regression,pumpkinseed,98.27414237,8.395946387e-06,12
204,Linear (independent),Linear Regression,power,99.66287943,8.395223907e-06,4
292,Linear (independent),Linear Regression,uber,98.10224253,8.378606854e-06,5
776,Linear (independent),Linear Regression,poker,97.70565809,8.372104529e-06,10
897,Linear (independent),Linear Regression,winequality-red,99.98556346,8.300578955e-06,11
886,Linear (independent),Linear Regression,winequality,98.04128122,8.228330901e-06,11
248,Linear (independent),Linear Regression,airfoil-self-noise,92.8559575,8.183537108e-06,5
919,Linear (independent),Linear Regression,adult,94.34207439,8.180647185e-06,12
1007,Linear (independent),Linear Regression,seoulbike,98.88034124,8.174867341e-06,12
820,Linear (independent),Linear Regression,telescope,99.74781455,8.017366583e-06,10
325,Linear (independent),Linear Regression,powerlifting,99.23667049,7.997137128e-06,6
677,Linear (independent),Linear Regression,casp,99.14982393,7.856975902e-06,9
303,Linear (independent),Linear Regression,insurance,99.9275479,7.685748014e-06,6
160,Linear (independent),Linear Regression,diamonds_select,97.590545,7.650346467e-06,4
237,Linear (independent),Linear Regression,airfoil,92.8559575,7.518855008e-06,5
941,Linear (independent),Linear Regression,bikehourly,99.9186024,7.476951137e-06,12
1051,Linear (independent),Linear Regression,wine,97.2929493,7.243589921e-06,12
930,Linear (independent),Linear Regression,airquality,97.05906972,7.099093813e-06,12
644,Linear (independent),Linear Regression,wage,98.38807632,7.011673667e-06,8
